ID_ENTIDAD,NOMBRE_ENTIDAD,CANTIDAD_DEUDORES,MONTO_TOTAL,MONTO_PREVISIONES,MONTO_SIT_1,MONTO_SIT_2,MONTO_SIT_3,MONTO_SIT_4,MONTO_SIT_5,MONTO_SIT_11
00007,BANCO DE GALICIA Y BUENOS AIRES S.A.,2446498,19438610090.0,17044342055.0,17160408766.0,640249321.0,739893210.0,779122074.0,118760676.0,176043.0
00011,BANCO DE LA NACION ARGENTINA,2369486,27991097007.0,19196262120.0,25833857022.0,840946432.0,687534667.0,445098940.0,123389775.0,60270171.0
00014,BANCO DE LA PROVINCIA DE BUENOS AIRES,1907297,10274372337.0,9796791482.0,8828595237.0,399017058.0,564721995.0,413106326.0,63290524.0,5641197.0
00015,INDUSTRIAL AND COMMERCIAL BANK OF CHINA (ARGENTINA) S.A.U.,624882,6501462586.0,5530349743.0,6158780677.0,140362423.0,141632139.0,57910057.0,2316258.0,461032.0
00016,CITIBANK N.A.,457,1341784746.0,1246176475.0,1263313103.0,65807.0,0.0,0.0,0.0,78405836.0
00017,BANCO BBVA ARGENTINA S.A.,2142638,13834754738.0,13141266430.0,12762621095.0,316928992.0,348833312.0,383806245.0,22242579.0,322515.0
00020,BANCO DE LA PROVINCIA DE CORDOBA S.A.,539269,3169730783.0,2443768347.0,2816595643.0,87420269.0,130596465.0,104079741.0,29936449.0,1102216.0
00027,BANCO SUPERVIELLE S.A.,498735,3975942491.0,3232666441.0,3612108769.0,118062486.0,107603928.0,115035282.0,12659104.0,10472922.0
00029,BANCO DE LA CIUDAD DE BUENOS AIRES,389645,3486370823.0,2926653916.0,3252395309.0,76156383.0,62994866.0,53600695.0,20513428.0,20710142.0
00034,BANCO PATAGONIA S.A.,546819,4431470821.0,4000567696.0,4276520471.0,47176989.0,52069221.0,51142492.0,4561648.0,0.0
00044,BANCO HIPOTECARIO S.A.,255944,1304624205.0,980557589.0,1161552064.0,40095792.0,50200055.0,47367173.0,3135612.0,2273509.0
00045,BANCO DE SAN JUAN S.A.,75801,617213038.0,577045307.0,586523128.0,10710395.0,11063150.0,7427591.0,1283219.0,205555.0
00065,BANCO MUNICIPAL DE ROSARIO,86976,237750975.0,227492241.0,220847271.0,6828771.0,3922838.0,3985700.0,1187418.0,978977.0
00072,BANCO SANTANDER ARGENTINA S.A.,1929780,13332412428.0,10660361976.0,11707465964.0,441633482.0,509307781.0,587275254.0,57588860.0,29141087.0
00083,BANCO DEL CHUBUT S.A.,92668,595566536.0,441855878.0,506229932.0,33019495.0,19831987.0,23655741.0,12829381.0,0.0
00086,BANCO DE SANTA CRUZ S.A.,54672,384601366.0,381335990.0,342364503.0,23104869.0,11464249.0,7076954.0,590791.0,0.0
00093,BANCO DE LA PAMPA SA,144293,685380577.0,628509434.0,627222598.0,16322574.0,24265225.0,11996161.0,1891320.0,3682699.0
00094,BANCO DE CORRIENTES S.A.,131849,524970311.0,495099926.0,458413418.0,28232082.0,14963958.0,17553015.0,5807838.0,0.0
00097,BANCO PROVINCIA DEL NEUQUÉN SOCIEDAD ANÓNIMA,132126,763843435.0,642843970.0,687045361.0,28765505.0,19347043.0,15501821.0,4820451.0,8363254.0
00131,BANK OF CHINA LIMITED SUCURSAL BUENOS AIRES,1,0.0,0.0,0.0,0.0,0.0,0.0,0.0,0.0
00143,BRUBANK S.A.U.,81446,97633817.0,97633817.0,75432363.0,5312547.0,5991685.0,7379472.0,3517750.0,0.0
00147,BIBANK S.A.,126,42067377.0,40930624.0,39581946.0,815230.0,768481.0,841035.0,60685.0,0.0
00165,"JPMORGAN CHASE BANK, NATIONAL ASSOCIATION (SUCURSAL BUENOS AIRES)",5,45314184.0,45314184.0,45314184.0,0.0,0.0,0.0,0.0,0.0
00191,BANCO CREDICOOP COOPERATIVO LIMITADO,352066,2461406991.0,2084788484.0,2359596614.0,27835421.0,32597767.0,32832243.0,3471509.0,5073437.0
00198,BANCO DE VALORES S.A.,251,1080047947.0,1079999202.0,1073884943.0,1481.0,324.0,6161199.0,0.0,0.0
00247,BANCO ROELA S.A.,960,53612943.0,48132408.0,52459976.0,215933.0,788364.0,107989.0,88.0,40593.0
00254,BANCO MARIVA S.A.,276,242469417.0,238321009.0,241830755.0,0.0,103961.0,336.0,457730.0,76635.0
00266,BNP PARIBAS,13,22278163.0,22278163.0,22278163.0,0.0,0.0,0.0,0.0,0.0
00268,BANCO PROVINCIA DE TIERRA DEL FUEGO,33927,185573734.0,182553523.0,160849872.0,9617167.0,7028419.0,5117577.0,2960699.0,0.0
00269,BANCO DE LA REPUBLICA ORIENTAL DEL URUGUAY,110,494685.0,494685.0,492612.0,0.0,1142.0,931.0,0.0,0.0
00277,BANCO SAENZ S.A.,48054,49442456.0,49442456.0,31630017.0,3760495.0,4982819.0,7277932.0,1791193.0,0.0
00281,BANCO MERIDIAN S.A.,3141,13940806.0,10295575.0,13400738.0,382212.0,3372.0,153810.0,674.0,0.0
00285,BANCO MACRO S.A.,1976913,11276616467.0,9797169858.0,10459704652.0,291512934.0,249149428.0,187619924.0,71499869.0,17129660.0
00299,BANCO COMAFI SOCIEDAD ANONIMA,97487,1702798326.0,1467903917.0,1631061682.0,19384368.0,23904016.0,25365493.0,1775883.0,1306884.0
00300,BANCO DE INVERSION Y COMERCIO EXTERIOR S.A.,1847,696285038.0,409762708.0,621470305.0,1160223.0,8068938.0,2414301.0,99395.0,63071876.0
00301,BANCO PIANO S.A.,83810,179119130.0,179119130.0,164472196.0,5901116.0,4016992.0,3342474.0,1386352.0,0.0
00305,BANCO JULIO SOCIEDAD ANONIMA,300,26404287.0,24702180.0,22301161.0,2882721.0,151248.0,1026326.0,42831.0,0.0
00309,BANCO RIOJA SOCIEDAD ANONIMA UNIPERSONAL,55596,140072351.0,127216602.0,93735272.0,17195974.0,7470100.0,15390853.0,5879616.0,400536.0
00310,BANCO DEL SOL S.A.,113092,393629761.0,191063527.0,336939279.0,22445040.0,16309415.0,14736708.0,3199319.0,0.0
00311,NUEVO BANCO DEL CHACO S. A.,220003,604199450.0,559382239.0,516627735.0,24848635.0,22478521.0,31376557.0,5869921.0,2998081.0
00312,BANCO VOII S.A.,34845,53664818.0,53664818.0,48596530.0,2191207.0,1801034.0,1033637.0,42410.0,0.0
00315,BANCO DE FORMOSA S.A.,106225,263560425.0,241939572.0,244682255.0,7797929.0,5151757.0,4411154.0,1517330.0,0.0
00319,BANCO CMF S.A.,536,534228753.0,506586101.0,513465292.0,11949479.0,7185470.0,1585178.0,0.0,43334.0
00321,BANCO DE SANTIAGO DEL ESTERO S.A.,265233,532936123.0,531904708.0,476975095.0,12645270.0,15861298.0,16272851.0,11181609.0,0.0
00322,BANCO INDUSTRIAL S.A.,344564,1289411368.0,1269272391.0,1263247311.0,7947513.0,3517935.0,11458984.0,3239625.0,0.0
00330,NUEVO BANCO DE SANTA FE SOCIEDAD ANONIMA,428080,2091986912.0,1956846119.0,1973080851.0,47766313.0,32274777.0,28531332.0,10333639.0,0.0
00331,BANCO CETELEM ARGENTINA S.A.,4,4890849.0,4890849.0,4890849.0,0.0,0.0,0.0,0.0,0.0
00332,BANCO DE SERVICIOS FINANCIEROS S.A.,506090,409648581.0,409648581.0,186306299.0,37320612.0,65536819.0,93141677.0,27343174.0,0.0
00338,BANCO DE SERVICIOS Y TRANSACCIONES SAU,14664,345066933.0,331063187.0,337795119.0,2178867.0,789119.0,4216217.0,87611.0,0.0
00339,RCI BANQUE S.A.,77,304194806.0,226980096.0,304194806.0,0.0,0.0,0.0,0.0,0.0
00340,BACS BANCO DE CREDITO Y SECURITIZACION S.A.,30780,169601619.0,169601505.0,166107240.0,429262.0,424418.0,2631083.0,9616.0,0.0
00341,BANCO MASVENTAS S.A.,6666,13608732.0,13419173.0,11967485.0,324942.0,333482.0,833075.0,145913.0,3835.0
00384,UALA BANK S.A.U.,316935,360792384.0,360792384.0,193186642.0,23935405.0,51340197.0,79163651.0,13166489.0,0.0
00386,NUEVO BANCO DE ENTRE RÍOS S.A.,205995,931968329.0,886683899.0,887692969.0,20880778.0,12174810.0,10021203.0,1198569.0,0.0
00389,BANCO COLUMBIA S.A.,166759,268332268.0,226014858.0,199591766.0,19119942.0,19267032.0,26712372.0,3641156.0,0.0
00426,BANCO BICA S.A.,60646,152491415.0,144777737.0,145118752.0,2208955.0,1715070.0,2022131.0,403886.0,1022621.0
00431,BANCO COINAG S.A.,13596,141229794.0,124708630.0,129562832.0,6543185.0,2013082.0,2732828.0,309277.0,68590.0
00432,BANCO DE COMERCIO S.A.,11847,87739224.0,70598269.0,83902194.0,2743366.0,538063.0,406401.0,53000.0,96200.0
00435,BANCO SUCREDITO REGIONAL S.A.U.,840,5026452.0,4537494.0,3926881.0,353480.0,169928.0,561907.0,14256.0,0.0
00448,BANCO DINO S.A.,5596,21729231.0,16131116.0,20172690.0,205009.0,218880.0,1085686.0,46966.0,0.0
10303,F.F PRIVADO YATASTO,59797,93711201.0,93711201.0,0.0,0.0,0.0,19674914.0,74036287.0,0.0
10494,F.F. Y DE ADM. CHACO-ACTIVOS FINANCIEROS,517,62756.0,62756.0,62756.0,0.0,0.0,0.0,0.0,0.0
10500,F.F. Y DE ADM. LA RIOJA REFINANCIAMIENTO DEL SECTOR PROD.,13,9916.0,9916.0,9001.0,915.0,0.0,0.0,0.0,0.0
10556,FF PRIVADO CREVAL,3759,458692.0,458692.0,0.0,0.0,0.0,0.0,458692.0,0.0
10608,F.F. Y DE ADM FIDEICOMISO DEUDORES AGROP BNA ENTRE RIOS,9,753.0,753.0,753.0,0.0,0.0,0.0,0.0,0.0
10628,F.F. PRIVADO ASSET RECOVERY 5,3843,463651.0,463651.0,7109.0,221.0,688.0,4369.0,451264.0,0.0
10692,F.F. PRIVADO FRANKEL,120743,76549660.0,76549660.0,0.0,0.0,0.0,194379.0,76355281.0,0.0
10812,F.F. Y DE ADM REFINANCIAMIENTO DEUDORES AGROP PCIA DE RIO NEGRO,65,18832.0,18832.0,18715.0,0.0,0.0,0.0,117.0,0.0
10903,FF PRIVADO GESTIÓN DE ACTIVOS IV,17955,4427986.0,4427986.0,113.0,0.0,0.0,893.0,4426980.0,0.0
10914,RECUPERO DE ACTIVOS FIDEICOMISO FINANCIERO,277647,98840917.0,98840917.0,0.0,0.0,0.0,0.0,98840917.0,0.0
10915,F.F. CENTURIA,3735,394491.0,394491.0,2812.0,0.0,0.0,1441.0,390238.0,0.0
10916,FF CFA CRÉDITOS I,1387,161899.0,161899.0,61216.0,4619.0,6132.0,6567.0,83365.0,0.0
10917,FF CFA CRÉDITOS II,2665,349868.0,349868.0,121977.0,7914.0,10203.0,19798.0,189976.0,0.0
10918,FF CFA CRÉDITOS III,555,91511.0,91511.0,85.0,0.0,442.0,1984.0,89000.0,0.0
10921,Flex Fideicomiso Financiero,2805,284793.0,284793.0,0.0,0.0,0.0,0.0,284793.0,0.0
10922,Maipú Fideicomiso Financiero,2140,1819622.0,1819622.0,0.0,0.0,0.0,354376.0,1465246.0,0.0
10923,F.F. PRIVADO GREEN LIGHT,172209,21086477.0,21086477.0,0.0,0.0,0.0,0.0,21086477.0,0.0
40011,BELAT CROWDLENDING ARGENTINA,8,1351967.0,0.0,1351967.0,0.0,0.0,0.0,0.0,0.0
44077,COMPAÑIA FINANCIERA ARGENTINA S.A.,134694,82522390.0,82522390.0,44504237.0,8085454.0,8900572.0,14811847.0,6220280.0,0.0
44088,VOLKSWAGEN FINANCIAL SERVICES COMPAÑIA FINANCIERA S.A.,27137,564822856.0,402345744.0,557931238.0,3868885.0,1689943.0,971618.0,361172.0,0.0
44092,FCA COMPAÑIA FINANCIERA S.A.,31891,443945262.0,146892446.0,424936174.0,10598687.0,4204213.0,3472232.0,733956.0,0.0
44093,GPAT COMPAÑIA FINANCIERA S.A.U.,33398,291671898.0,55640007.0,269669362.0,11791961.0,3872100.0,6316221.0,22254.0,0.0
44094,MERCEDES-BENZ COMPAÑÍA FINANCIERA ARGENTINA S.A.,1301,177445825.0,42481429.0,158592819.0,12155314.0,3435917.0,2254226.0,1007549.0,0.0
44095,ROMBO COMPAÑÍA FINANCIERA S.A.,45272,416438230.0,95032870.0,404267813.0,7274468.0,2876212.0,1758455.0,261282.0,0.0
44096,JOHN DEERE CREDIT COMPAÑÍA FINANCIERA S.A.,2279,720101733.0,124180326.0,675517496.0,10792184.0,10684536.0,17849052.0,5258465.0,0.0
44098,PSA FINANCE ARGENTINA COMPAÑÍA FINANCIERA S.A.,33359,415575423.0,100929231.0,401728840.0,7411037.0,3644138.0,2280775.0,510633.0,0.0
44099,TOYOTA COMPAÑÍA FINANCIERA DE ARGENTINA S.A.,12420,196863291.0,26240547.0,186015698.0,5787067.0,1047220.0,3958737.0,54569.0,0.0
45030,NARANJA DIGITAL COMPAÑÍA FINANCIERA S.A.U.,1712712,1093918961.0,1093918961.0,904498125.0,63931852.0,74881471.0,50218940.0,388573.0,0.0
45056,MONTEMAR COMPAÑIA FINANCIERA S.A.,25012,81158567.0,80722479.0,55958183.0,4582682.0,7753903.0,9284665.0,3579134.0,0.0
45072,REBA COMPAÑIA FINANCIERA S.A.,35267,50660044.0,47787791.0,39709082.0,2257645.0,4693319.0,3549578.0,450420.0,0.0
50001,ACINDAR PYMES SGR,791,9925075.0,0.0,1881765.0,1530617.0,2667535.0,2545048.0,1300110.0,0.0
50002,AFFIDAVIT SGR,16,137703.0,0.0,28748.0,51576.0,19621.0,29910.0,7848.0,0.0
50003,AGROAVAL SGR,1,2099.0,0.0,0.0,0.0,0.0,0.0,2099.0,0.0
50004,ARGENPYMES SGR,549,7028834.0,0.0,978182.0,810334.0,1851036.0,1795071.0,1594211.0,0.0
50005,AVAL FEDERAL SGR,15,561686.0,0.0,0.0,108669.0,51987.0,4833.0,396197.0,0.0
50007,AVAL RURAL SGR,16,210034.0,0.0,1245.0,71975.0,77455.0,22702.0,36657.0,0.0
50009,CAMPO AVAL SGR,11,140179.0,0.0,0.0,19839.0,72911.0,18716.0,28713.0,0.0
50010,Poder SGR,9,19128.0,0.0,5362.0,0.0,13534.0,96.0,136.0,0.0
50011,CUYO AVAL SGR,13,78866.0,0.0,55402.0,11706.0,0.0,0.0,11758.0,0.0
50012,DON MARIO SGR,3,35314.0,0.0,13874.0,0.0,0.0,0.0,21440.0,0.0
50013,GARANTÍA DE VALORES SGR,277,2492352.0,0.0,147305.0,322233.0,729741.0,1080678.0,212395.0,0.0
50014,GARANTIZAR SGR,2417,24879677.0,0.0,2480782.0,3760693.0,5395267.0,6016696.0,7226239.0,0.0
50015,INTEGRA PYMES SGR,16,281594.0,0.0,29775.0,18368.0,150297.0,72690.0,10464.0,0.0
50017,PROMOVER SGR,24,403559.0,0.0,3426.0,49840.0,350293.0,0.0,0.0,0.0
50018,POTENCIAR SGR,80,303519.0,0.0,0.0,101024.0,94059.0,103977.0,4459.0,0.0
50020,AFB AVALES S.G.R.,38,285101.0,0.0,176265.0,59677.0,35649.0,10429.0,3081.0,0.0
50021,AVAL AR SGR,10,312266.0,0.0,0.0,95595.0,8268.0,208403.0,0.0,0.0
50023,UNION SGR,38,295052.0,0.0,7037.0,9164.0,112557.0,36567.0,129727.0,0.0
50024,AVAL FERTIL SGR,1,2033.0,0.0,0.0,0.0,0.0,0.0,2033.0,0.0
50025,AVALES DEL CENTRO SGR,14,32532.0,0.0,889.0,8018.0,12500.0,5403.0,5722.0,0.0
50026,CRECER SGR,77,360908.0,0.0,37156.0,84148.0,86255.0,29009.0,124340.0,0.0
50028,AVALUAR S.G.R.,21,238007.0,0.0,36145.0,0.0,149804.0,0.0,52058.0,0.0
50030,Confiables S.G.R.,11,79838.0,0.0,15479.0,5962.0,33517.0,24880.0,0.0,0.0
50032,RESILIENCIA SGR,34,303991.0,0.0,41794.0,14078.0,45049.0,97413.0,105657.0,0.0
50033,Crédito Argentino S.G.R.,8,199386.0,0.0,150380.0,47123.0,0.0,1883.0,0.0,0.0
50034,Rig Avales S.G.R,14,71121.0,0.0,23989.0,24154.0,20649.0,1963.0,366.0,0.0
50035,Conaval S.G.R.,8,328613.0,0.0,26064.0,3755.0,234935.0,63859.0,0.0,0.0
50036,Móvil S.G.R.,83,1047474.0,0.0,51649.0,20056.0,108321.0,61136.0,806312.0,0.0
50037,FIDEM SGR,20,255326.0,0.0,70104.0,70690.0,92647.0,3330.0,18555.0,0.0
50038,INNOVA SGR,20,255326.0,0.0,70104.0,70690.0,92647.0,3330.0,18555.0,0.0
50039,FINTECH SGR,230,6972388.0,0.0,287694.0,1477527.0,1798416.0,2676364.0,732387.0,0.0
50040,MILLS SGR,36,1182956.0,0.0,98903.0,404921.0,412827.0,241795.0,24510.0,0.0
50041,ALIANZA S.G.R.,68,2195811.0,0.0,33792.0,196803.0,449029.0,1298584.0,217603.0,0.0
50042,SOLIDUM S.G.R.,1,8639.0,0.0,8639.0,0.0,0.0,0.0,0.0,0.0
50043,Neuquèn Pymes SGR,12,43018.0,0.0,9960.0,26827.0,532.0,0.0,5699.0,0.0
50044,Trend SGR,7,88792.0,0.0,22978.0,51003.0,1144.0,0.0,13667.0,0.0
50046,Argentina Ciudad S.G.R.,30,246243.0,0.0,9802.0,43275.0,131562.0,52354.0,9250.0,0.0
51001,FONDO DE GARANTÍAS BUENOS AIRES SAPEM (FOGABA SAPEM),2418,25843667.0,0.0,2500601.0,5127933.0,5963880.0,5513825.0,6737428.0,0.0
51002,FONDO DE GARANTÍAS DEL CHACO (FOGACH),9,40642.0,0.0,4870.0,1838.0,1795.0,0.0,32139.0,0.0
51003,FONDO DE GARANTÍAS ARGENTINO,57490,13387157.0,0.0,36806.0,248886.0,1030243.0,1426292.0,10644930.0,0.0
51004,Fondo de Garantía Público La Rioja Sociedad Anónima Unipersonal,136,971823.0,0.0,16324.0,158073.0,153115.0,184710.0,459601.0,0.0
51005,Garantía San Juan SAPEM,14,98159.0,0.0,0.0,0.0,0.0,61892.0,36267.0,0.0
51006,Fondo de garantía para el Desarrollo Fueguino S.A.P.E.M. (FODADEF),16,163610.0,0.0,0.0,0.0,124145.0,32959.0,6506.0,0.0
51007,Fideicomiso de Afectación Específica para Garantizar Pymes No Sujetas,2,10842.0,0.0,0.0,9176.0,0.0,1666.0,0.0,0.0
51008,Fondo de Garantías Entre Ríos S.A.P.E.M. (FO.GA.ER. S.A.P.E.M.),1,7219.0,0.0,0.0,0.0,0.0,0.0,7219.0,0.0
51009,Fideicomiso de Garantías Pampeanas (FoGaPam),41,339254.0,0.0,1716.0,21415.0,45271.0,76975.0,193877.0,0.0
51011,FONDO DE GARANTIA CFI,1,286780.0,0.0,0.0,0.0,0.0,286780.0,0.0,0.0
51012,"Fondo específico de riesgo fiduciario de la ""Provincia de Santa Fe""",11,39863.0,0.0,3642.0,961.0,1632.0,0.0,33628.0,0.0
51014,Fondo de Garantía Catamarca Sociedad Anónima con Participación Estatal,9,19215.0,0.0,387.0,12708.0,6120.0,0.0,0.0,0.0
55001,Accicom S.A.,6809,1716707.0,0.0,807646.0,171705.0,168195.0,331502.0,237659.0,0.0
55002,AMEPORT Mutual del Personal del Estado Nacional Provincial Municipal y,13239,15100803.0,0.0,11704738.0,1058609.0,1166760.0,848067.0,322629.0,0.0
55003,Asociación Mutual Centro Litoral,772,492010.0,0.0,234618.0,44205.0,9158.0,145105.0,58924.0,0.0
55004,Asociación Mutual de la Economía Solidaria,2269,4698944.0,0.0,3510279.0,133161.0,185215.0,431566.0,438723.0,0.0
55005,Asociación Mutual de las Fuerzas Armadas y Seguridad (AMFAYS),11391,12627384.0,0.0,9843573.0,337945.0,422927.0,931441.0,1091498.0,0.0
55006,Asociación Mutual del Litoral 17 de Enero,1959,4493770.0,0.0,3538774.0,428394.0,295255.0,161111.0,70236.0,0.0
55008,Asociación Mutual Unión Solidaria,24708,20438784.0,0.0,13498290.0,1055491.0,1577672.0,2976414.0,1330917.0,0.0
55009,Carsa S.A.,65899,26492672.0,0.0,13471725.0,1961130.0,2325084.0,3707572.0,5027161.0,0.0
55011,Cetrogar S.A.,157367,108909554.0,0.0,47274836.0,7852887.0,10301985.0,24775090.0,18704756.0,0.0
55012,CFN SRL,360912,443127868.0,0.0,184824449.0,39477523.0,56163888.0,105412867.0,57249141.0,0.0
55013,Cierto Argentina S.A.,16333,15166073.0,0.0,10267884.0,935151.0,1138594.0,1389772.0,1434672.0,0.0
55015,Coppel S.A.,37603,50510337.0,0.0,9682445.0,1541585.0,6868829.0,22947353.0,9470125.0,0.0
55017,"Cooperativa de Crédito, Consumo y Servicios Sociales La Plata Ltda.",32236,22457470.0,0.0,18127378.0,1155911.0,1402824.0,1349300.0,422057.0,0.0
55018,Cooperativa de Provisión de Obras y Servicios Publicos y de Créditos C,1850,1218333.0,0.0,908167.0,97829.0,91708.0,95285.0,25344.0,0.0
55020,"Palmares Cooperativa de Vivienda, Crédito, Consumo y Servicios Sociale",8472,9912671.0,0.0,8720465.0,325954.0,264544.0,253098.0,348610.0,0.0
55023,Credifácil S.A.F. y M.,37640,9949109.0,0.0,2785046.0,773410.0,1350244.0,2145669.0,2894740.0,0.0
55024,CREDICUOTAS CONSUMO S.A.,313679,414244031.0,0.0,246650874.0,19487771.0,43607946.0,74025827.0,30471613.0,0.0
55025,Cuotitas S.A.,18820,20654679.0,0.0,8438576.0,2735140.0,3267831.0,3506841.0,2706291.0,0.0
55026,Decréditos S.A.,552,2548178.0,0.0,1570194.0,304662.0,192118.0,210867.0,270337.0,0.0
55027,ELECTRONICA MEGATONE SRL,358415,302771638.0,0.0,139290062.0,23774394.0,38295881.0,58694499.0,42716802.0,0.0
55028,Favanet S.A.,35476,34244642.0,0.0,18734967.0,3522048.0,3646981.0,5137033.0,3203613.0,0.0
55030,Fravega S.A.C.I. e I.,121293,116147914.0,0.0,55394399.0,11155389.0,15066805.0,23083499.0,11447822.0,0.0
55034,Hogar Total S.A.,18618,11810047.0,0.0,10135722.0,17605.0,532038.0,618188.0,506494.0,0.0
55040,N&F Capital Markets S.A.,44,10479.0,0.0,7303.0,342.0,133.0,0.0,2701.0,0.0
55041,Naldo Lombardi S.A.,279026,260536197.0,0.0,173942826.0,18302662.0,18314199.0,27682256.0,22294254.0,0.0
55042,"Plural Cooperativa de Crédito, Consumo y Vivienda Ltda.",1156,272214.0,0.0,271037.0,439.0,335.0,89.0,314.0,0.0
55043,Provincia Leasing S.A.,288,72341476.0,0.0,70661796.0,1101917.0,171130.0,405085.0,1548.0,0.0
55046,Schejter y Schejter S.A.,78,41522.0,0.0,41522.0,0.0,0.0,0.0,0.0,0.0
55048,Sicom S.A.,2264,7030740.0,0.0,6968524.0,13067.0,30990.0,4257.0,13902.0,0.0
55049,Surfinan S.A.,1623,399577.0,0.0,58351.0,8577.0,17205.0,87275.0,228169.0,0.0
55052,Asociación Mututal 18 de Julio,10181,53851251.0,0.0,44777858.0,4904017.0,1830516.0,903569.0,1435291.0,0.0
55054,Crédito Directo S.A.,110557,123366627.0,0.0,66965448.0,11010386.0,14764822.0,22828391.0,7797580.0,0.0
55057,Mutual Integral de Servicios,1281,3253461.0,0.0,3094300.0,83370.0,26794.0,24176.0,24821.0,0.0
55060,"Gran Cooperativa de Crédito, Vivienda, Consumo y Servicios Sociales Li",8376,5515472.0,0.0,3980128.0,287469.0,447819.0,642791.0,157265.0,0.0
55061,Radio Sapienza S.A.,819,231933.0,0.0,20079.0,43499.0,160584.0,5609.0,2162.0,0.0
55063,Uninverc S.A.,6058,55227321.0,0.0,51291375.0,2414692.0,732679.0,568687.0,219888.0,0.0
55067,Amargot Créditos y Servicios S.A.,325,40654.0,0.0,3032.0,569.0,365.0,5435.0,31253.0,0.0
55068,Hendel Hogar S.A.,25406,13740807.0,0.0,9774309.0,140736.0,187482.0,1375040.0,2263240.0,0.0
55073,Oportunidad Microfinanciera Latinoamericana OMLA S.A.,2731,2985478.0,0.0,2310880.0,210222.0,87605.0,71285.0,305486.0,0.0
55075,IDUN INVERSIONES S.A.,1414,460236.0,0.0,84576.0,19729.0,90231.0,99537.0,166163.0,0.0
55076,Grupo Prestafácil S.A.,2912,3972276.0,0.0,3692096.0,63584.0,39703.0,88809.0,88084.0,0.0
55077,Asociación Mutual de Escribanos,1980,1779697.0,0.0,1366892.0,43422.0,140214.0,147932.0,81237.0,0.0
55080,DAP Cooperativa de Crédito y Consumo Ltda.,11632,7264829.0,0.0,5977496.0,324245.0,201695.0,221490.0,539903.0,0.0
55082,Asociación Mutual de Pensionados Sociales Ley 5110,10051,2582414.0,0.0,2439684.0,742.0,45.0,88925.0,53018.0,0.0
55083,AGL CAPITAL S.A.,4652,5566879.0,0.0,3169991.0,407449.0,108723.0,217979.0,1662737.0,0.0
55085,Moni Online S.A.,81091,36654445.0,0.0,12705522.0,2702034.0,3237308.0,9529301.0,8480280.0,0.0
55086,Asociación Mutual Asis,4636,1987123.0,0.0,1542564.0,143957.0,103414.0,119867.0,77321.0,0.0
55087,Préstamos Bam S.A.,978,7931886.0,0.0,47024.0,2229.0,4687.0,56638.0,7821308.0,0.0
55088,Asociación Mutual de Docentes de la Provincia del Chaco,9196,4755227.0,0.0,4451760.0,63289.0,133442.0,106736.0,0.0,0.0
55090,DILCAR S.A.,10335,4741001.0,0.0,3495890.0,402218.0,269459.0,374352.0,199082.0,0.0
55091,CREDIAR S.A.,26300,31088354.0,0.0,7544933.0,2571498.0,4280717.0,8473764.0,8217442.0,0.0
55092,Dante Tanino Hogar S.A.,3069,1137644.0,0.0,980196.0,875.0,62954.0,62828.0,30791.0,0.0
55093,FINANCOMP S.A.,3628,1898337.0,0.0,818948.0,221925.0,225651.0,267681.0,364132.0,0.0
55094,Genesys S.A.,1656,1300958.0,0.0,1300958.0,0.0,0.0,0.0,0.0,0.0
55095,CRENAC S.A.,5469,2071492.0,0.0,715500.0,81270.0,212635.0,563536.0,498551.0,0.0
55096,FINANCIACIONES CUYO S.A.,21245,4402537.0,0.0,2121233.0,307797.0,494866.0,891261.0,587380.0,0.0
55098,CONSUMO S.A.,5134,5700670.0,0.0,1243799.0,227466.0,816836.0,2285643.0,1126926.0,0.0
55100,BAZAR AVENIDA S.A.,81807,71232594.0,0.0,22546684.0,2433441.0,8610499.0,24082430.0,13559540.0,0.0
55105,Ceibo Créditos S.A.,25065,45105588.0,0.0,27679853.0,6108997.0,7964533.0,3340593.0,11612.0,0.0
55107,ARGENCRED S.A.,91243,30371269.0,0.0,11850054.0,1563320.0,4289965.0,7822115.0,4845815.0,0.0
55109,"Credikot COOPERATIVA DE VIVIENDA, CRÉDITO Y CONSUMO  LTDA",65450,23044364.0,0.0,5117051.0,1905472.0,2088227.0,7201722.0,6731892.0,0.0
55110,Asociación Mutual Vital,904,116014.0,0.0,25582.0,2119.0,7943.0,6037.0,74333.0,0.0
55111,Clank S.A.,2497,2285819.0,0.0,1725608.0,161584.0,156967.0,90551.0,151109.0,0.0
55115,Asociación Mutual Desarrollo Regional,2873,5412500.0,0.0,4421386.0,389266.0,220460.0,124275.0,257113.0,0.0
55118,"Cooperativa de Vivienda, Crédito y Consumo VIXA LTDA",2599,987524.0,0.0,12486.0,57479.0,221710.0,428400.0,267449.0,0.0
55120,Ebucar S.A.,1815,2197522.0,0.0,1762043.0,56988.0,56207.0,123820.0,198464.0,0.0
55121,Asociación Mutual Malvinas Argentinas,5587,3278427.0,0.0,2028776.0,116862.0,275853.0,424770.0,432166.0,0.0
55123,"Cooperativa 2001 de Vivienda, Crédito y Consumo Ltda.",2610,1982852.0,0.0,1822534.0,430.0,21172.0,27849.0,110867.0,0.0
55124,Plusrasgo S.A.,1123,2195115.0,0.0,2175469.0,838.0,1675.0,0.0,17133.0,0.0
55125,"Cooperativa de Vivienda, Crédito, Consumo y Servicios Sociales Candela",2320,2367303.0,0.0,1963278.0,174047.0,105478.0,78109.0,46391.0,0.0
55128,Crediser Argentina S.A.,4298,889042.0,0.0,75548.0,65092.0,85598.0,183410.0,479394.0,0.0
55130,"Mutual de Jubilados, Retirados y Pensionados Provinciales",2628,161421.0,0.0,0.0,0.0,0.0,0.0,161421.0,0.0
55132,TIENDAJUBILO S.A.,18148,8986154.0,0.0,7104967.0,336476.0,444196.0,650178.0,450337.0,0.0
55133,Rotas S.A.,962,3789275.0,0.0,3621412.0,30263.0,67127.0,0.0,70473.0,0.0
55134,MAXIHOGAR SRL,4327,911076.0,0.0,539713.0,57114.0,28520.0,42406.0,243323.0,0.0
55136,Vento Capital S.A.,8164,10104934.0,0.0,6362924.0,636355.0,947874.0,1534015.0,623766.0,0.0
55137,"Cooperativa de Crédito, Consumo, Vivienda y Servicios Sociales Videgar",1915,633886.0,0.0,507619.0,11951.0,20380.0,17720.0,76216.0,0.0
55141,AD CREDITOS S.A.,593,353716.0,0.0,254876.0,38280.0,18728.0,8736.0,33096.0,0.0
55142,Emprendimiento La Luisina SRL,41783,20084646.0,0.0,9632753.0,2069979.0,2224128.0,3225146.0,2932640.0,0.0
55144,ASOCIACION MUTUAL 23 DE SEPTIEMBRE,66,5879136.0,0.0,3953097.0,25330.0,710707.0,165004.0,1024998.0,0.0
55146,LIPACO MERCANTIL S.A.,669,448525.0,0.0,387215.0,16480.0,18989.0,16833.0,9008.0,0.0
55148,Collins S.A.,14023,19666085.0,0.0,17690104.0,617828.0,548262.0,437348.0,372543.0,0.0
55149,INDO S.A.,47270,10292590.0,0.0,7289842.0,649961.0,557162.0,824173.0,971452.0,0.0
55151,PREVER COOPERATIVA DE CRÉDITO Y CONSUMO LTDA,2261,2083856.0,0.0,1480803.0,75954.0,43971.0,127354.0,355774.0,0.0
55152,Asociación Mutual de protección Familiar,14261,5917636.0,0.0,2694955.0,495552.0,764190.0,1193567.0,769372.0,0.0
55156,UNIGESTION SA,5857,4252098.0,0.0,3782340.0,86878.0,167109.0,153533.0,62238.0,0.0
55158,San Cristóbal Bienes Raíces S.A.,296,10842486.0,0.0,7316711.0,412817.0,637044.0,2229759.0,246155.0,0.0
55159,"TCC Cooperativa de Crédito, Consumo y Vivienda Limitada",612,438518.0,0.0,377705.0,17982.0,22022.0,8503.0,12306.0,0.0
55160,"Arrayanes Cooperativa de Vivienda, Crédito y Consumo",510,461060.0,0.0,265124.0,22625.0,27476.0,72614.0,73221.0,0.0
55162,Aquiprestamos.com S.A.,1119,37801.0,0.0,7646.0,458.0,68.0,106.0,29523.0,0.0
55163,FF Capital Group S.A.,3130,1227978.0,0.0,560359.0,43129.0,172412.0,255897.0,196181.0,0.0
55166,Waynicoin S.A.,73686,58176466.0,0.0,9665881.0,2245737.0,6509446.0,20074285.0,19681117.0,0.0
55170,"Cooperativa de Viv., Cred. y Con. Amigal Ltda.",9,1047709.0,0.0,776083.0,0.0,0.0,0.0,271626.0,0.0
55172,FINARES S.A.,59,7665580.0,0.0,2098156.0,266011.0,329443.0,602219.0,4369751.0,0.0
55175,"Cooperativa Interamericana de Credito, Vivienda y Consumo Limitada",25,651550.0,0.0,644305.0,0.0,0.0,7245.0,0.0,0.0
55176,Trend Capital S.A.,102,19903398.0,0.0,18587892.0,865543.0,52912.0,56597.0,340454.0,0.0
55177,"Catalinas Cooperativa de Crédito, Consumo y Vivienda Ltda.",31,9941564.0,0.0,9639959.0,26974.0,0.0,0.0,274631.0,0.0
55178,Cooperativa de Crédito y Vivienda Unicred Ltda.,69,31014162.0,0.0,29936348.0,0.0,536378.0,0.0,541436.0,0.0
55183,"Nobel Cooperativa de Crédito, Vivienda y Servicio de Transporte Ltda.",15,1263521.0,0.0,1254680.0,0.0,8841.0,0.0,0.0,0.0
55185,"Cooperativa de Crédito, Consumo y Vvienda Fincredit Ltda",13,853028.0,0.0,0.0,0.0,41375.0,600000.0,211653.0,0.0
55186,Confinance S.A.,45,1847094.0,0.0,1227111.0,0.0,557909.0,57575.0,4499.0,0.0
55188,"Cooperativa de Vivienda, Crédito y Consumo del Litoral Ltda",8,750111.0,0.0,474489.0,69000.0,200000.0,0.0,6622.0,0.0
55189,Compañía General de Finanzas S.A.,30,6592827.0,0.0,6126081.0,200038.0,168271.0,50003.0,48434.0,0.0
55190,Gestisur Cooperativa de crédito y vivienda Ltda,17,1457235.0,0.0,1457235.0,0.0,0.0,0.0,0.0,0.0
55192,G Y F Factoring S.A.,26,32810.0,0.0,32810.0,0.0,0.0,0.0,0.0,0.0
55194,Policredito Coop. Limitada de Crédito y Vivienda.,37,267906.0,0.0,267146.0,0.0,0.0,0.0,760.0,0.0
55195,Libertador Factoring S.A.,40,6725398.0,0.0,6356093.0,0.0,0.0,0.0,369305.0,0.0
55196,Cooperativa Concred de crédito y vivienda Ltda.,33,1210641.0,0.0,611746.0,469502.0,129393.0,0.0,0.0,0.0
55197,"Invercoop Cooperativa de Crédito, Consumo y Vivienda Limitada",31,4172712.0,0.0,3557377.0,0.0,0.0,0.0,615335.0,0.0
55198,Cooperativa de Vivienda Crédito y Consumo Concepción Limitada,181,1681627.0,0.0,1551204.0,95462.0,20763.0,0.0,14198.0,0.0
55200,"Cooperativa de Vivienda, Crédito y Consumo para el Desarrollo Ltda (CO",8,299588.0,0.0,272025.0,25614.0,1949.0,0.0,0.0,0.0
55201,Credit & Investment SRL,160,299363.0,0.0,216106.0,29132.0,23824.0,13448.0,16853.0,0.0
55202,Depsa Valores S.A.,73,5733746.0,0.0,5502592.0,140303.0,0.0,90851.0,0.0,0.0
55204,Development Corp S.A.,26,4227690.0,0.0,4046981.0,111048.0,0.0,60000.0,9661.0,0.0
55207,Mills Capital S.A.,24,682532.0,0.0,622863.0,0.0,0.0,0.0,59669.0,0.0
55208,GS Negocios S.A.,13,2372555.0,0.0,1064157.0,0.0,12300.0,916748.0,379350.0,0.0
55210,"Del País Cooperativa de Crédito, Consumo y Vivienda Ltda.",94,2624679.0,0.0,2470331.0,3498.0,10525.0,37471.0,102854.0,0.0
55213,Multiplycard S.A.,33126,14770810.0,0.0,6468908.0,1059707.0,1348954.0,2547283.0,3345958.0,0.0
55214,Credinegocios Moscasil S.A.,655,813146.0,0.0,495760.0,104948.0,7621.0,0.0,204817.0,0.0
55219,Cooperativa de Vivienda Crédito y Consumo La Integradora Limitada,9404,597340.0,0.0,359213.0,56949.0,77948.0,50686.0,52544.0,0.0
55222,BFA Inversiones y Finanzas S.A.,33,193008.0,0.0,166036.0,0.0,0.0,23545.0,3427.0,0.0
55225,EXI S.A.,35906,12426978.0,0.0,863.0,0.0,347588.0,3286423.0,8792104.0,0.0
55226,MSM Leasing S.A.,13,1127915.0,0.0,1046672.0,0.0,81243.0,0.0,0.0,0.0
55227,Mutual Federada 25 de junio SPR,2342,8133947.0,0.0,7247612.0,408101.0,128919.0,24057.0,325258.0,0.0
55234,"1° de Julio Cooperativa de Vivienda, Crédito y Consumo Ltda",1,96.0,0.0,0.0,0.0,0.0,0.0,96.0,0.0
55235,Valerza S.A.,1228,2939143.0,0.0,2718303.0,13644.0,34167.0,33828.0,139201.0,0.0
55241,Joamar S.A.,12,2208138.0,0.0,2149138.0,59000.0,0.0,0.0,0.0,0.0
55242,MG-Group S.A.,5361,12515855.0,0.0,8378580.0,749489.0,443326.0,1488874.0,1455586.0,0.0
55244,"Mutual del agro, la industria y el comercio de Santa Fe",13971,46603184.0,0.0,38681131.0,2301741.0,2039979.0,1958898.0,1621435.0,0.0
55245,CUOTAFACIL SA,247,134880.0,0.0,2900.0,0.0,0.0,1729.0,130251.0,0.0
55251,BR CAPITAL S.A.,27,6330027.0,0.0,4738896.0,472679.0,451420.0,490500.0,176532.0,0.0
55255,DINEFA S.R.L.,179,33196.0,0.0,17735.0,667.0,347.0,4154.0,10293.0,0.0
55256,MSA CREDITOS S.A.,3005,1145915.0,0.0,111.0,0.0,0.0,153.0,1145651.0,0.0
55258,HOMYT S.A,25,685459.0,0.0,685459.0,0.0,0.0,0.0,0.0,0.0
55265,CRE-DIN S. A.,1626,133430.0,0.0,0.0,0.0,0.0,0.0,133430.0,0.0
55266,CRÉDITO DEL VALLE S.A.,531,69840.0,0.0,0.0,0.0,0.0,0.0,69840.0,0.0
55267,ACUATRO S.A.,331,29682.0,0.0,0.0,0.0,0.0,32.0,29650.0,0.0
55269,SERVICIOS OSTENDE SRL,8,785088.0,0.0,209732.0,0.0,0.0,0.0,575356.0,0.0
55273,INSIGHT GROUP SA,224,389322.0,0.0,353238.0,0.0,1556.0,885.0,33643.0,0.0
55277,ASOCIACION MUTUAL FIAT CONCORD,382,582348.0,0.0,469129.0,8941.0,56322.0,28064.0,19892.0,0.0
55279,SOLVENTA SAS,16,4835714.0,0.0,3636322.0,26706.0,62686.0,1110000.0,0.0,0.0
55281,ASOCIACION MUTUAL CELESOL DE SERVICIOS INTEGRALES Y EDUCATIVOS,5820,10667826.0,0.0,9026478.0,296540.0,438646.0,519206.0,386956.0,0.0
55282,MINS LFE SAS,53897,33751818.0,0.0,2965494.0,1511718.0,1194076.0,20674727.0,7405803.0,0.0
55283,S&S SOLUTIONS SA,167,545751.0,0.0,103323.0,112704.0,122436.0,207288.0,0.0,0.0
55287,COBRO FACIL SRL,1394,395363.0,0.0,226765.0,29539.0,28242.0,42005.0,68812.0,0.0
55288,GLOBAL CAPITAL MANAGEMENT SA,2670,591416.0,0.0,111712.0,95831.0,186251.0,155744.0,41878.0,0.0
55289,UNION PROVINCIAL ASOCIACION MUTUAL,13779,2439394.0,0.0,96515.0,43219.0,90625.0,111424.0,2097611.0,0.0
55292,TRANSCON S.A.U.,6,1047.0,0.0,0.0,192.0,268.0,287.0,300.0,0.0
55294,CREDITECH SA,52346,89273730.0,0.0,43885030.0,8568279.0,12895937.0,14782626.0,9141858.0,0.0
55295,CREDITAM LIMITADA S.A.,987,845828.0,0.0,650191.0,0.0,29914.0,165723.0,0.0,0.0
55296,SANTANDER CONSUMER SA,268777,210999129.0,0.0,113013643.0,21689549.0,27387422.0,31099889.0,17808626.0,0.0
55298,ESPACIO DIGITAL S.A,48783,25101483.0,0.0,7848577.0,1870604.0,2248546.0,6582222.0,6551534.0,0.0
55300,Buenos Aires Creditos SA,231,33225.0,0.0,2763.0,1117.0,2361.0,3346.0,23638.0,0.0
55301,CRESCENS S.A,876,13921218.0,0.0,8636624.0,738338.0,4422055.0,25511.0,98690.0,0.0
55302,TRAYECTORIA LEASING S.A.U.,16,1171691.0,0.0,1120122.0,0.0,0.0,0.0,51569.0,0.0
55304,TU ADELANTO SA,624,205402.0,0.0,17865.0,32479.0,57173.0,61284.0,36601.0,0.0
55307,RED DE PRESTAMOS SA,533,374570.0,0.0,345464.0,3151.0,4054.0,8520.0,13381.0,0.0
55309,MUTUAL DEL PERSONAL DEL MINISTERIO DE EDUCACION Y JUSTICIA DE LA NACIO,921,309555.0,0.0,175674.0,14928.0,29716.0,32564.0,56673.0,0.0
55310,MACRO SOLUTIONS SA,1389,1120942.0,0.0,1107766.0,0.0,0.0,0.0,13176.0,0.0
55312,ABAN DIGITAL S.A.,23622,8224411.0,0.0,968550.0,556240.0,1139263.0,2161002.0,3399356.0,0.0
55313,MICODEMO S.A.,18,2293.0,0.0,0.0,59.0,610.0,875.0,749.0,0.0
55314,REGGIO DI CALABRIA S.R.L.,10459,6771839.0,0.0,6766193.0,0.0,5646.0,0.0,0.0,0.0
55315,FINANCRED SA,3114,1209410.0,0.0,688782.0,148600.0,130060.0,147221.0,94747.0,0.0
55316,KALIMA S.A.,80,12299.0,0.0,0.0,0.0,0.0,0.0,12299.0,0.0
55317,BARSATEX S.A.,45307,8836441.0,0.0,431777.0,766347.0,1552064.0,2278396.0,3807857.0,0.0
55318,DLL LEASING ARGENTINA S.A.,4,436541.0,0.0,161140.0,42575.0,0.0,0.0,232826.0,0.0
55319,AGCO CAPITAL ARGENTINA S.A.,592,100612327.0,0.0,92453799.0,3843729.0,1015455.0,79103.0,3220241.0,0.0
55320,POTSDAM S.A.,2,115.0,0.0,0.0,0.0,0.0,0.0,115.0,0.0
55321,SOSER SA,340,65973.0,0.0,0.0,0.0,0.0,2892.0,63081.0,0.0
55323,SOLUCIONES INTEGRALES S.A.,7348,2117845.0,0.0,1262048.0,96551.0,195349.0,312232.0,251665.0,0.0
55328,LOGINCREDIT S.A.,296,919211.0,0.0,896700.0,0.0,5912.0,7340.0,9259.0,0.0
55329,ALAU TECNOLOGIA S. A. U.,36678,30529076.0,0.0,8782493.0,2309090.0,6286669.0,10274139.0,2876685.0,0.0
55330,CREDILOW S.A.,6782,3984351.0,0.0,2122613.0,432369.0,521949.0,517840.0,389580.0,0.0
55331,UNION DEL PERSONAL CIVIL DE LA PROVINCIA DEL CHACO,476,114444.0,0.0,114444.0,0.0,0.0,0.0,0.0,0.0
55333,El Nexo S.A.,1200,2334875.0,0.0,2334875.0,0.0,0.0,0.0,0.0,0.0
55334,VALUARTE SRL,4165,3741502.0,0.0,1728664.0,566400.0,227061.0,641536.0,577841.0,0.0
55336,OSCAR BARBIERI S.A.,14817,7525436.0,0.0,6017462.0,505580.0,303603.0,323664.0,375127.0,0.0
55338,TRESSFEN SA,40,3787.0,0.0,808.0,351.0,0.0,819.0,1809.0,0.0
55339,MAEBA S.R.L.,28201,29655375.0,0.0,9273995.0,2749525.0,2629264.0,6731726.0,8270865.0,0.0
55340,FINANPRO S.R.L.,42632,50726121.0,0.0,16960521.0,4478115.0,4478856.0,11302422.0,13506207.0,0.0
55341,PROAVALAR S.R.L,37780,30691496.0,0.0,6408119.0,2916731.0,3205886.0,8466596.0,9694164.0,0.0
55342,"Asistir Cooperativa de Vivienda, Credito, Consumo y Servicios Sociales",349,1557319.0,0.0,1557319.0,0.0,0.0,0.0,0.0,0.0
55344,JALIN S.A.,45,5359466.0,0.0,3786044.0,599120.0,317793.0,56175.0,600334.0,0.0
55345,CSPB INVERSIONES SA,21,13916076.0,0.0,13886076.0,0.0,0.0,0.0,30000.0,0.0
55346,Number S.A.,15,2094258.0,0.0,1101325.0,0.0,0.0,0.0,992933.0,0.0
55349,AGILCRED S.A.,2216,2607499.0,0.0,2382422.0,84995.0,45373.0,31544.0,63165.0,0.0
55352,Cooperativa de vivienda crédito y consumo San José Ltda,241,165875.0,0.0,155395.0,102.0,2765.0,4657.0,2956.0,0.0
55353,VIKA 2010 S.A.,18,354552.0,0.0,354552.0,0.0,0.0,0.0,0.0,0.0
55355,FULLCREDIT SA,924,828744.0,0.0,581180.0,71936.0,90241.0,64479.0,20908.0,0.0
55356,G10 EMPRENDIMIENTOS SA,4789,1278351.0,0.0,831824.0,78482.0,55583.0,141133.0,171329.0,0.0
55357,CREDIBEL S.A.,16,7910381.0,0.0,3960191.0,109483.0,0.0,3640707.0,200000.0,0.0
55359,DHF SA,65,3315340.0,0.0,3223456.0,0.0,80253.0,5124.0,6507.0,0.0
55360,Credi-Full S.A.,18,758.0,0.0,0.0,0.0,0.0,0.0,758.0,0.0
55361,DESARROLLOS AYTER S.A.,76,35352.0,0.0,22540.0,359.0,1444.0,6878.0,4131.0,0.0
55366,CYAP NOW S.A.,1117,504324.0,0.0,440137.0,24082.0,14274.0,14650.0,11181.0,0.0
55367,INVERSORA DEL NORTE S.A.,71,65355.0,0.0,42949.0,1479.0,2866.0,1004.0,17057.0,0.0
55370,CREDIL S.R.L.,318848,159229091.0,0.0,51497575.0,13728752.0,18377136.0,34562602.0,41063026.0,0.0
55371,ASOCIACION MUTUAL EMLEADOS DE COMERCIO DE ROSARIO,552,301564.0,0.0,292470.0,3218.0,2305.0,2236.0,1335.0,0.0
55374,EJS S.A.,299,210171.0,0.0,168516.0,14805.0,13800.0,13050.0,0.0,0.0
55375,COOP. DE CRED. CONS. Y VIV. MASELE LTDA,2865,9034241.0,0.0,9034241.0,0.0,0.0,0.0,0.0,0.0
55376,COMERPYSRL,4263,1015894.0,0.0,434574.0,31685.0,111229.0,184828.0,253578.0,0.0
55377,Clave Creditos S.A.,1574,682234.0,0.0,437429.0,46326.0,60387.0,100369.0,37723.0,0.0
55381,CREDIGOL S.A.,4740,6136508.0,0.0,2493748.0,504239.0,612171.0,1654949.0,871401.0,0.0
55382,UFINAN SA,27,2739723.0,0.0,816508.0,69464.0,1044607.0,404766.0,404378.0,0.0
55386,WIBOND SAS,549,78323.0,0.0,21818.0,5930.0,27019.0,18811.0,4745.0,0.0
55387,"Asociacion Mutual Integracion Solidaria Villa Maria ""AMISVIMA""",1201,1049188.0,0.0,661582.0,54325.0,49682.0,136355.0,147244.0,0.0
55388,CREDLAP S.A.,9317,14092162.0,0.0,207901.0,282010.0,759399.0,2305132.0,10537720.0,0.0
55389,SI CAPITAL,64,74386.0,0.0,40852.0,15461.0,755.0,1345.0,15973.0,0.0
55392,NEGOCIOS FINANCIEROS CREDILOMAS S.A.,49,7272.0,0.0,0.0,0.0,0.0,0.0,7272.0,0.0
55393,SEILOP S.R.L.,31,6502533.0,0.0,4300552.0,784941.0,83689.0,1333351.0,0.0,0.0
55395,CIGANDA & MASARIE,626,1019434.0,0.0,515524.0,116058.0,6673.0,0.0,381179.0,0.0
55396,MERIDIANO NORTE S.A.,196,10066182.0,0.0,8495802.0,305443.0,76715.0,1170008.0,18214.0,0.0
55397,BELMONT CAPITAL S.A.,4738,9810285.0,0.0,9283138.0,0.0,378827.0,117320.0,31000.0,0.0
55399,MAMLUSENA S.A.,1113,287434.0,0.0,204747.0,18480.0,22496.0,21869.0,19842.0,0.0
55400,MICRO SISTEMAS S. A. U.,74558,15271680.0,0.0,7302336.0,1121188.0,2084966.0,3899427.0,863763.0,0.0
55403,FACILCRED S.A.,16060,4735670.0,0.0,2716424.0,709585.0,535559.0,452937.0,321165.0,0.0
55405,Oneri Bilancio S.A.,18322,6535716.0,0.0,133101.0,455427.0,821189.0,2090460.0,3035539.0,0.0
55408,SCANIA CREDIT ARGENTINA S.A.U.,913,489784087.0,0.0,489553862.0,0.0,230225.0,0.0,0.0,0.0
55409,Finet SA,13837,10871552.0,0.0,152772.0,294948.0,1445806.0,3212763.0,5765263.0,0.0
55411,CREDITAN COOPERATIVA DE VIVIENDA CREDITO Y CONSUMO LTDA,961,898027.0,0.0,783742.0,23442.0,16222.0,31362.0,43259.0,0.0
55412,Delivery Hero Financial Services SA,13190,26916809.0,0.0,23706199.0,1133111.0,716781.0,876488.0,484230.0,0.0
55413,ASOCIACIÓN MUTUAL PILARENSES,4507,3015011.0,0.0,1967978.0,0.0,202989.0,0.0,844044.0,0.0
55415,BLM SERVICIOS SA,51,5681275.0,0.0,4951527.0,297214.0,159846.0,164023.0,108665.0,0.0
55419,Daneio SA,1288,728955.0,0.0,428949.0,54488.0,85145.0,101746.0,58627.0,0.0
55420,MARIAS CAPITAL SA,16,4749629.0,0.0,4723400.0,0.0,0.0,3005.0,23224.0,0.0
55424,SOLUCIONES FINANCORP SA,18228,2869778.0,0.0,527036.0,285137.0,407500.0,757487.0,892618.0,0.0
55425,MOOVITECH S.A.,7561,2338827.0,0.0,969461.0,176727.0,168573.0,390736.0,633330.0,0.0
55429,POLO VALORES S.A.,17,1274670.0,0.0,767362.0,0.0,2027.0,107843.0,397438.0,0.0
55432,LUCSE INVERSIONES S.A.,1784,1229457.0,0.0,1031039.0,59177.0,49464.0,51877.0,37900.0,0.0
55435,PARABENS TRUST S.A.,3,1587462.0,0.0,1587462.0,0.0,0.0,0.0,0.0,0.0
55439,MUTUAL DE PORTEÑA ASOCIACION CULTURAL Y DEPORTIVA,349,1485994.0,0.0,1456562.0,27712.0,842.0,497.0,381.0,0.0
55442,LA LOMITA CAPITAL S.A.,529,481966.0,0.0,417045.0,24851.0,19223.0,17503.0,3344.0,0.0
55443,MVT Finanzas S.A.,5,74431.0,0.0,74431.0,0.0,0.0,0.0,0.0,0.0
55444,CREDISE S.A.,2501,2448537.0,0.0,2244503.0,73381.0,42330.0,45707.0,42616.0,0.0
55445,BLM DESARROLLOS SA,5,265582.0,0.0,265582.0,0.0,0.0,0.0,0.0,0.0
55449,FIDEICOMISO PRIVADO DE ADMINISTRACION CENTAURUS,140927,78203153.0,0.0,0.0,0.0,0.0,0.0,78203153.0,0.0
55450,PRESTY SRL,2483,1602093.0,0.0,547981.0,229661.0,311205.0,427962.0,85284.0,0.0
55453,Cooperativa de Credito Consumo y Vivienda Baymor Ltda,68,56410.0,0.0,334.0,2767.0,3677.0,26948.0,22684.0,0.0
55454,BIA SRL,41952,19718333.0,0.0,0.0,0.0,0.0,3724056.0,15994277.0,0.0
55456,PREST SPC SAS,169,96207.0,0.0,3151.0,2994.0,13745.0,14853.0,61464.0,0.0
55457,MIGXION S.A.,38,798073.0,0.0,604784.0,0.0,193289.0,0.0,0.0,0.0
55459,Admiral Finance SA,63,4326526.0,0.0,4220150.0,0.0,106376.0,0.0,0.0,0.0
55462,CORVALAN 1160 SA,11309,2117118.0,0.0,949879.0,189388.0,186679.0,409807.0,381365.0,0.0
55463,MILLASA S.A.,1565,745580.0,0.0,478392.0,77225.0,87976.0,88569.0,13418.0,0.0
55464,MUTUAL DE INTEGRANTES DEL PODER JUDICIAL,233,80842.0,0.0,80842.0,0.0,0.0,0.0,0.0,0.0
55465,Dar Prestamos S.A.,1466,374554.0,0.0,15668.0,17576.0,66212.0,193467.0,81631.0,0.0
55466,AXXIA LENDING S.A.,5804,2419619.0,0.0,0.0,0.0,0.0,0.0,2419619.0,0.0
55469,BOCAS DEL TORO S.A.,204,225110.0,0.0,134669.0,15747.0,21762.0,52932.0,0.0,0.0
55470,CAMELUS S.A.,192,405390.0,0.0,224728.0,0.0,113801.0,62028.0,4833.0,0.0
55472,SUMA INVERSIONES S.A.,12,140108.0,0.0,127434.0,10874.0,1800.0,0.0,0.0,0.0
55473,GrupoCDG SA,15,9428.0,0.0,4114.0,2072.0,1984.0,1258.0,0.0,0.0
55474,FIDEICOMISOS MANDATOS E INVERSIONES SA,8,668297.0,0.0,365286.0,59180.0,243831.0,0.0,0.0,0.0
55477,MERITE S.A.,3195,315559.0,0.0,82206.0,31168.0,47769.0,78749.0,75667.0,0.0
55479,FIDUCIA ARGENTINA S.A.S.,162,78297.0,0.0,78297.0,0.0,0.0,0.0,0.0,0.0
55480,RUMKALO S.R.L.,958,204931.0,0.0,17244.0,18227.0,31340.0,80404.0,57716.0,0.0
55482,Asociación Mutual de Ayuda Entre Asociados y Adherentes de Romang Futb,4944,15491316.0,0.0,12899243.0,1569499.0,548156.0,373591.0,100827.0,0.0
55483,Longcred S.A.,432,323072.0,0.0,132691.0,20387.0,7325.0,10782.0,151887.0,0.0
55484,Inclusión Financiera Integral SRL,89,119405.0,0.0,101000.0,6500.0,6400.0,3850.0,1655.0,0.0
55485,G&T GESTIONES COMERCIALES S.A.,2,40929.0,0.0,40929.0,0.0,0.0,0.0,0.0,0.0
55486,TODOPAY S.R.L.,521,449849.0,0.0,246975.0,59549.0,72040.0,60338.0,10947.0,0.0
55487,ASOCIACION MUTUAL PARA EL PERSONAL DEL PODER JUDICIAL Y TRABAJADORES I,2050,1703531.0,0.0,1020541.0,225737.0,256818.0,190455.0,9980.0,0.0
55488,RIO FRANCO SA,18,252139.0,0.0,105215.0,0.0,146924.0,0.0,0.0,0.0
55490,ASOCIACION MUTUAL DE ASOCIADOS DEL CLUB ATLETICO UNION,1320,13639407.0,0.0,12410347.0,698677.0,189777.0,101132.0,239474.0,0.0
55492,Asociación Mutual de Trabajadores Argentinos Estatales,308,753032.0,0.0,685957.0,29103.0,25714.0,12258.0,0.0,0.0
55493,OPENCRED SA,892,286815.0,0.0,140794.0,42365.0,103656.0,0.0,0.0,0.0
55494,Mifloder SAS,27836,7474697.0,0.0,5129217.0,999497.0,1079555.0,170542.0,95886.0,0.0
55495,SOCIEDAD DE CREDITO SA,8768,5310749.0,0.0,0.0,0.0,0.0,0.0,5310749.0,0.0
55496,Cash Online S.A.,2391,2468782.0,0.0,2204912.0,208806.0,45778.0,9286.0,0.0,0.0
55497,FINLATINA SA,28,1299378.0,0.0,759630.0,539748.0,0.0,0.0,0.0,0.0
55498,LANTI SA,7,372952.0,0.0,232677.0,140275.0,0.0,0.0,0.0,0.0
55501,DIE ZUKUNFT SA,39,975799.0,0.0,941177.0,0.0,0.0,34622.0,0.0,0.0
55502,ATYLIUM FINANCE GROUP SA,7,197685.0,0.0,197685.0,0.0,0.0,0.0,0.0,0.0
55503,LA PLATA FIUME D ORO S. A.,458,131459.0,0.0,11932.0,2848.0,7072.0,17167.0,92440.0,0.0
55505,Cash Market SA,19361,4619290.0,0.0,1190035.0,575314.0,859506.0,1170208.0,824227.0,0.0
55506,CYFSA S.A.,158,172686.0,0.0,171995.0,0.0,691.0,0.0,0.0,0.0
55507,FINANZAS DIGITALES SAS,237653,15561101.0,0.0,5105554.0,2414864.0,2233088.0,4941165.0,866430.0,0.0
55510,FINANLEASE S.A,12,150582.0,0.0,115941.0,34641.0,0.0,0.0,0.0,0.0
55511,ASOCIACION MUTUAL 9 DE JULIO OLIMPICO FREYRE,391,2329438.0,0.0,1307081.0,869355.0,88618.0,62015.0,2369.0,0.0
55512,TRADING PROFIT S.A.,268,354329.0,0.0,266452.0,36620.0,40953.0,10304.0,0.0,0.0
55513,IXPAY SA,1292,373337.0,0.0,89008.0,33934.0,92572.0,157823.0,0.0,0.0
55514,CARTASUR CARDS S.A.U,117414,113308550.0,0.0,48008068.0,5058017.0,14696550.0,25854879.0,19691036.0,0.0
55516,M&B COMPANY S. A. S.,58,182788.0,0.0,108864.0,44554.0,13697.0,12100.0,3573.0,0.0
55520,"Asociación Mutual Trabajadores del Hospital de Pediatria SAMIC ""Profes",497,1665578.0,0.0,1665578.0,0.0,0.0,0.0,0.0,0.0
55523,COMERCIAL FERSA SRL,316,326419.0,0.0,162947.0,106742.0,0.0,0.0,56730.0,0.0
55524,ASOCIACION MUTUAL 7 DE AGOSTO,2692,1594920.0,0.0,1514164.0,14047.0,18634.0,48075.0,0.0,0.0
55525,ASOCIACION MUTUAL GRAL J JOSE DE URQUIZA,1778,1118504.0,0.0,1076274.0,2621.0,9978.0,29631.0,0.0,0.0
55526,Asociacion Mutual Progreso Entrerriano,2568,1600196.0,0.0,1451862.0,64354.0,27950.0,14736.0,41294.0,0.0
55534,Mutual 22 de septiembre,919,472773.0,0.0,249037.0,27006.0,46025.0,55506.0,95199.0,0.0
55538,CORDOBA VALORES S.A.,1693,408377.0,0.0,295.0,0.0,0.0,12973.0,395109.0,0.0
55539,FRANKFURT S.A.,21,454526.0,0.0,417821.0,36705.0,0.0,0.0,0.0,0.0
55544,YOLO CASH S.A.,68,31846.0,0.0,31846.0,0.0,0.0,0.0,0.0,0.0
55545,GZM SOLUCIONES S.A,3,142458.0,0.0,15404.0,127054.0,0.0,0.0,0.0,0.0
55547,sistemas unificados de credito dirigido SA,11302,3013455.0,0.0,1675538.0,217891.0,402499.0,562757.0,154770.0,0.0
55554,PRESTACIONES S.A.,15,561858.0,0.0,391999.0,17810.0,152049.0,0.0,0.0,0.0
55558,GRUPO SACAR S.A.,47,15908.0,0.0,15908.0,0.0,0.0,0.0,0.0,0.0
55561,TJS CAPITAL S.A.,116,86511.0,0.0,85039.0,0.0,677.0,795.0,0.0,0.0
65203,CRÉDITO REGIONAL COMPAÑÍA FINANCIERA S.A.U.,13851,5458900.0,5458900.0,2932043.0,539149.0,429329.0,785576.0,772803.0,0.0
70101,AMERICAN EXPRESS ARGENTINA S.A.,143546,450683762.0,0.0,429261654.0,7394211.0,6327382.0,4017479.0,3683036.0,0.0
70140,COTO CENTRO INTEGRAL DE COMERCIALIZAC SA,21278,6370816.0,0.0,5931221.0,87701.0,106013.0,162238.0,83643.0,0.0
70141,YPF S.A.,11184,208322727.0,0.0,205905526.0,1267433.0,59709.0,721845.0,368214.0,0.0
70142,ALARFIN S.A.,4753,21712713.0,0.0,17106253.0,2534554.0,664522.0,1364468.0,42916.0,0.0
70147,CENCOSUD S.A.,529900,420163119.0,0.0,292038940.0,31713641.0,46497901.0,40772937.0,9139700.0,0.0
70154,TELEPEAJE S.A.,2798,244273.0,0.0,25476.0,33775.0,45275.0,66190.0,73557.0,0.0
70166,PRESTAMAS S.A.,169,414769.0,0.0,358604.0,6491.0,13185.0,14459.0,22030.0,0.0
70168,Findi S.A.,17,7424.0,0.0,7424.0,0.0,0.0,0.0,0.0,0.0
70210,ITALCRED S.A.,3072,3686593.0,0.0,35626.0,35017.0,78241.0,355110.0,3182599.0,0.0
70212,CREDI-PAZ S.A.,24428,18493550.0,0.0,7445125.0,2020527.0,1179748.0,4077415.0,3770735.0,0.0
70224,TARJETAS DEL MAR S.A.,188420,140718051.0,0.0,99291014.0,10497534.0,12846455.0,13489173.0,4593875.0,0.0
70228,SANTA MONICA S.A.,52884,29980375.0,0.0,19246714.0,949238.0,914887.0,1404421.0,7465115.0,0.0
70229,CONTAR S.A.,4973,1880790.0,0.0,674922.0,108026.0,178688.0,16917.0,902237.0,0.0
70231,MUTUAL DE ASOC Y ADHER CLUB SPORTS SALTO,70,15855.0,0.0,12067.0,3567.0,0.0,0.0,221.0,0.0
70234,NUEVA CARD S.A.,93690,56705643.0,0.0,51963510.0,1744379.0,1258799.0,963058.0,775897.0,0.0
70239,FERTIL FINANZAS S.A.,34991,11648089.0,0.0,7633829.0,633665.0,174605.0,2102420.0,1103570.0,0.0
70248,FAVACARD S.A,93818,58576788.0,0.0,40617983.0,4016236.0,4112083.0,5262023.0,4568463.0,0.0
70252,JUCARD JUNIN S.R.L.,2065,510545.0,0.0,415270.0,3843.0,25680.0,31758.0,33994.0,0.0
70256,EUROCRED S.A.,313,67220.0,0.0,46638.0,3480.0,13484.0,3618.0,0.0,0.0
70257,TARTAN S.A.,718,203895.0,0.0,30863.0,7549.0,5007.0,830.0,159646.0,0.0
70268,Asociación Mutual 20 de Julio,95,31530.0,0.0,31530.0,0.0,0.0,0.0,0.0,0.0
70269,"Credinos Cooperativa de Vivienda, Crédito, Consumo, Servicios Asistenc",1321,393649.0,0.0,200667.0,33037.0,21027.0,29439.0,109479.0,0.0
70270,Asociación Mutual Club Social Deportivo Ascensión,1565,715178.0,0.0,479665.0,50056.0,43093.0,55361.0,87003.0,0.0
70301,Tarjeta Pampeana S.A,8804,5287383.0,0.0,3816524.0,240196.0,197030.0,451598.0,582035.0,0.0
70407,TALOR SOCIEDAD COLECTIVA,4590,3220951.0,0.0,3179082.0,26013.0,7369.0,6236.0,2251.0,0.0
70408,TARJETA NARANJA S.A.,4430380,4896695865.0,0.0,3625983614.0,317578997.0,257734447.0,298671459.0,396727348.0,0.0
70411,TEVISAL S.A.,502,201249.0,0.0,126076.0,13748.0,17532.0,10863.0,33030.0,0.0
70412,Zafiro S.A.,1568,802992.0,0.0,615068.0,61953.0,45502.0,45532.0,34937.0,0.0
70413,VILLTER S.R.L.,1851,799351.0,0.0,553296.0,60127.0,54639.0,51750.0,79539.0,0.0
70420,Corfa Servi S.R.L.,971,553365.0,0.0,447407.0,7623.0,10982.0,10101.0,77252.0,0.0
70421,MUTUAL COYSPU,2812,3186962.0,0.0,2355885.0,250883.0,210838.0,301103.0,68253.0,0.0
70424,Tarjeta PL S.A.,2799,1487433.0,0.0,1308709.0,26944.0,108142.0,25983.0,17655.0,0.0
70429,MUTUAL DE LAS COMUNIDADES,1901,4562458.0,0.0,4185614.0,96512.0,138626.0,119851.0,21855.0,0.0
70430,ASOC. MUTUAL DEL CLUB ALMAFUERTE DE LAS VARILLAS,782,214783.0,0.0,167794.0,16710.0,5594.0,7695.0,16990.0,0.0
70433,SISCOM S.R.L.,439,217107.0,0.0,187936.0,4872.0,5932.0,7981.0,10386.0,0.0
70503,LOCRED SRL,1728,761838.0,0.0,184646.0,27481.0,54487.0,129893.0,365331.0,0.0
70603,COOP SERV ADM VTAS CRED Y CRED GUIA LTDA,21414,17900351.0,0.0,13728622.0,709670.0,946375.0,1201479.0,1314205.0,0.0
70802,S.A. CLUB DEL ESTE,1506,585906.0,0.0,534252.0,21239.0,25282.0,2159.0,2974.0,0.0
70803,SISTEMA DE CREDITO DE ENTRE RIOS S.A.,19286,15050363.0,0.0,12799152.0,607664.0,779634.0,560125.0,303788.0,0.0
70805,DILFER S.A.,27775,11685511.0,0.0,8583424.0,497675.0,657455.0,807662.0,1139295.0,0.0
70806,EMPRENDER S.A.,55,32235.0,0.0,32235.0,0.0,0.0,0.0,0.0,0.0
70808,Caja Municipal de Préstamos Sociedad de Economía Mixta,1318,1536678.0,0.0,1526614.0,8567.0,0.0,399.0,1098.0,0.0
70903,Única compañía de Crédito S.A.,5893,3032005.0,0.0,3032005.0,0.0,0.0,0.0,0.0,0.0
71101,NOA CARD S.A.,1487,1244381.0,0.0,1077537.0,74888.0,51672.0,40284.0,0.0,0.0
71103,GLOBAL S.R.L.,82,29403.0,0.0,23808.0,0.0,0.0,0.0,5595.0,0.0
71202,EMPRESUR S.A.,5492,5799142.0,0.0,2757808.0,987517.0,720043.0,703579.0,630195.0,0.0
71204,Crédito Móvil S.A.,159,125413.0,0.0,21842.0,20735.0,26793.0,31879.0,24164.0,0.0
71302,CUMAR S.A.,5617,1213782.0,0.0,547358.0,115285.0,195741.0,221812.0,133586.0,0.0
71402,CENTRO CARD S.A.,39962,26173803.0,0.0,16995714.0,2260097.0,709559.0,1887286.0,4321147.0,0.0
71605,AVALON CREDITOS PERSONALES S.A.,770,134676.0,0.0,99108.0,26916.0,8652.0,0.0,0.0,0.0
71801,DATA 2000 S.A.,40327,23121964.0,0.0,16310511.0,1286679.0,1621972.0,2104911.0,1797891.0,0.0
71803,VISION S.A.,3317,1803037.0,0.0,802893.0,246817.0,252850.0,253194.0,247283.0,0.0
72101,ASOC MUT AYUDA ASOC ADHER CLUB ATL UNION,3435,2294933.0,0.0,1973564.0,152661.0,75953.0,32594.0,60161.0,0.0
72102,ASOCIACION MUTUAL DEL CLUB A. ARGENTINO,8377,17964957.0,0.0,14958410.0,1389227.0,1215732.0,326531.0,75057.0,0.0
72103,CLUB ATLETICO SAN JORGE MUTUAL Y SOCIAL,2470,1521091.0,0.0,1405001.0,56754.0,43525.0,12285.0,3526.0,0.0
72104,MUTUAL SOCIOS ASOC MEDIC ROSARIO,16365,93745987.0,0.0,90275272.0,1550676.0,985406.0,596247.0,338386.0,0.0
72106,ASOCIACION MUTUAL VENADO TUERTO,9484,6222556.0,0.0,5764734.0,86280.0,91229.0,61751.0,218562.0,0.0
72112,ASOC MUTUAL SOC CTRO EC CAÑADA DE GOMEZ,5503,2375478.0,0.0,2280928.0,579.0,330.0,76569.0,17072.0,0.0
72113,MUTUAL ENTRE ASOC COOPER MUTUAL PATRONAL,10328,7734844.0,0.0,6102938.0,543479.0,418975.0,219012.0,450440.0,0.0
72117,ASOC MUT CONSEJ ARROYOS COOP EMP MULTIPL,1258,6526429.0,0.0,5435170.0,651979.0,157862.0,231234.0,50184.0,0.0
72123,SOCIEDAD ARG DE SOCORROS MUTUO CORONDA,722,181159.0,0.0,171309.0,4136.0,4816.0,437.0,461.0,0.0
72126,CREDISOL S.A.,6343,862233.0,0.0,543253.0,40132.0,66399.0,72067.0,140382.0,0.0
72128,ASOCIACION MUTUAL CLUB COLON DE SAN JUSTO,1161,350655.0,0.0,336312.0,9145.0,3437.0,1127.0,634.0,0.0
72131,Asociación Mutual del Personal Jerárquico de Bancos Oficiales Nacional,22877,9371154.0,0.0,6475441.0,785192.0,585844.0,800561.0,724116.0,0.0
72132,Asociación Mutual de Ayuda entre Asociados y Adherentes del Club Depor,1408,501280.0,0.0,447134.0,14795.0,11637.0,12114.0,15600.0,0.0
72133,CREDIFIAR S.A.,3207,1528303.0,0.0,653463.0,256064.0,214073.0,276422.0,128281.0,0.0
72134,Asociación Mutual de Ayuda entre Asociados y Adherentes del Club Atlét,1042,315982.0,0.0,293018.0,0.0,0.0,0.0,22964.0,0.0
72135,Asociación Mutual PYME RURAL,2107,885257.0,0.0,859480.0,12343.0,6569.0,6815.0,50.0,0.0
72136,Asociación Mutualista del Club Central San Carlos,1648,1116874.0,0.0,1108157.0,475.0,7283.0,0.0,959.0,0.0
72303,CREDIMAS S.A.,15289,9626135.0,0.0,2263137.0,1611442.0,1684776.0,2056565.0,2010215.0,0.0
72304,TARJETA TITANIO S.A.,19632,8351788.0,0.0,4944539.0,564285.0,28824.0,2813953.0,187.0,0.0
72306,VALLE FERTIL S.A.,172450,147599221.0,0.0,66968393.0,10494423.0,14603169.0,4669695.0,50863541.0,0.0
72307,CAJA POPULAR DE AHORROS PCIA DE TUCUMAN,4120,2695560.0,0.0,1436871.0,196611.0,329747.0,134676.0,597655.0,0.0
72308,CASTILLO S.A.C.I.F.I.A.,37917,16347057.0,0.0,11731626.0,883425.0,888129.0,1017949.0,1825928.0,0.0
72501,TDF S.A.,5275,1906403.0,0.0,649433.0,59870.0,0.0,718955.0,478145.0,0.0
72607,"FIRENZE COOPERATIVA DE CRÉDITO, CONSUMO, VIVIENDA, TURISMO Y SERVICIOS",1250,2410476.0,0.0,2313842.0,7423.0,11883.0,8432.0,68896.0,0.0
72613,NORYSUR SOCIEDAD ANONIMA,483,177155.0,0.0,16920.0,7390.0,11513.0,11181.0,130151.0,0.0
72614,MUTUAL DE DOCENTES DE NEUQUEN,889,394368.0,0.0,394368.0,0.0,0.0,0.0,0.0,0.0
72618,ASOCIACION MUTUAL DE ASOCIADOS Y ADHERENTES DEL CENTRO JUVENIL SPORTIV,1067,6328015.0,0.0,5434990.0,524045.0,102273.0,179908.0,86799.0,0.0
72622,ASOCIACION MUTUAL SANTA AGUSTINA,275,104367.0,0.0,69498.0,13493.0,13869.0,7434.0,73.0,0.0
72631,COOPERATIVA DE PROVISION DE BIENES Y SERVICIOS ALLEN LTDA,2162,1297904.0,0.0,1190726.0,43163.0,36920.0,18844.0,8251.0,0.0
72633,COOPERATIVA FARO LTDA,4342,1464417.0,0.0,1201168.0,83064.0,76873.0,78894.0,24418.0,0.0
72634,MERCADOLIBRE S.R.L.,6028597,2244425745.0,0.0,1801569886.0,113327119.0,146865483.0,138906255.0,43757002.0,0.0
72638,Pago Virtual del Sur S.A.,2,6000.0,0.0,6000.0,0.0,0.0,0.0,0.0,0.0
72639,SILOHUB ARGENTINA S.A.S.,2,6620.0,0.0,0.0,6620.0,0.0,0.0,0.0,0.0
